CoverID,"CountryCode","Cover",startDate,endDate,"MonthlyPrice",ContractID
1,"FR","carInsurance",2022-02-01,2023-02-28,"€55",3
4,"FR","homeInsurance",2021-11-01,2022-10-31,"€30",3
8,"FR","homeInsurance",2022-05-01,2023-05-31,"€50",5
9,"FR","carInsurance",2021-09-01,2022-08-31,"€30",8
10,"FR","carInsurance",2022-04-01,2023-04-30,"€40",8
11,"FR","lifeInsurance",2022-06-01,2023-06-30,"€60",8
12,"FR","homeInsurance",2021-10-01,2022-09-30,"€45",8
14,"FR","carInsurance",2022-02-01,2023-02-28,"€35",10
17,"FR","carInsurance",2022-06-01,2023-06-30,"€55",11
20,"FR","homeInsurance",2021-09-01,2022-08-31,"€30",11
21,"FR","carInsurance",2022-01-01,2023-01-31,"€30",12
23,"FR","lifeInsurance",2022-02-01,2023-02-28,"€60",12
24,"FR","homeInsurance",2021-11-01,2022-10-31,"€30",12
25,"FR","carInsurance",2022-05-01,2023-05-31,"€60",13
29,"FR","carInsurance",2022-03-01,2023-03-31,"€60",14
32,"FR","homeInsurance",2022-01-01,2022-12-31,"€40",14
33,"FR","carInsurance",2022-06-01,2023-06-30,"€55",15
36,"FR","homeInsurance",2022-01-01,2023-01-31,"€35",15
37,"FR","carInsurance",2022-06-01,2023-06-30,"€60",16
40,"FR","homeInsurance",2021-11-01,2022-10-31,"€55",16
44,"FR","homeInsurance",2022-02-01,2023-02-28,"€55",17
45,"FR","carInsurance",2022-05-01,2023-05-31,"€30",20
48,"FR","homeInsurance",2021-09-01,2022-08-31,"€30",20
49,"FR","carInsurance",2022-06-01,2023-06-30,"€55",21
52,"FR","homeInsurance",2021-12-01,2022-11-30,"€35",21
53,"FR","carInsurance",2021-11-01,2022-10-31,"€35",25
56,"FR","homeInsurance",2022-01-01,2023-01-31,"€40",25
58,"FR","carInsurance",2022-05-01,2023-05-31,"€20",26
59,"FR","lifeInsurance",2021-11-01,2022-10-31,"€50",26
60,"FR","homeInsurance",2022-04-01,2023-04-30,"€50",26
61,"FR","carInsurance",2022-01-01,2023-01-31,"€50",27
64,"FR","homeInsurance",2022-06-01,2023-06-30,"€45",27
65,"FR","carInsurance",2021-11-01,2022-10-31,"€65",28
68,"FR","homeInsurance",2021-11-01,2022-10-31,"€35",28
69,"FR","carInsurance",2022-05-01,2023-05-31,"€30",30
72,"FR","homeInsurance",2022-05-01,2023-05-31,"€45",30
76,"FR","homeInsurance",2021-12-01,2022-11-30,"€50",31
80,"FR","homeInsurance",2022-02-01,2023-02-28,"€40",32
81,"FR","carInsurance",2022-02-01,2023-02-28,"€65",33
82,"FR","carInsurance",2022-03-01,2023-03-31,"€45",33
85,"FR","carInsurance",2022-02-01,2023-02-28,"€45",34
88,"FR","homeInsurance",2021-09-01,2022-08-31,"€45",34
91,"FR","lifeInsurance",2022-06-01,2023-06-30,"€50",37
97,"FR","carInsurance",2022-03-01,2023-03-31,"€65",40
100,"FR","homeInsurance",2022-05-01,2023-05-31,"€50",40
101,"FR","carInsurance",2022-01-01,2022-12-31,"€35",43
103,"FR","lifeInsurance",2022-01-01,2023-01-31,"€75",43
104,"FR","homeInsurance",2021-09-01,2022-08-31,"€35",43
105,"FR","carInsurance",2021-12-01,2022-11-30,"€35",44
108,"FR","homeInsurance",2021-12-01,2022-11-30,"€55",44
109,"FR","carInsurance",2021-11-01,2022-10-31,"€40",45
111,"FR","lifeInsurance",2022-05-01,2023-05-31,"€45",45
112,"FR","homeInsurance",2021-10-01,2022-09-30,"€55",45
113,"FR","carInsurance",2022-03-01,2023-03-31,"€60",46
114,"FR","carInsurance",2022-06-01,2023-06-30,"€40",46
115,"FR","lifeInsurance",2022-01-01,2022-12-31,"€45",46
117,"FR","carInsurance",2021-09-01,2022-08-31,"€30",48
119,"FR","lifeInsurance",2022-02-01,2023-02-28,"€70",48
120,"FR","homeInsurance",2021-09-01,2022-08-31,"€40",48
121,"FR","carInsurance",2021-11-01,2022-10-31,"€35",49
123,"FR","lifeInsurance",2021-11-01,2022-10-31,"€55",49
125,"FR","carInsurance",2021-12-01,2022-11-30,"€30",53
128,"FR","homeInsurance",2022-06-01,2023-06-30,"€50",53
129,"FR","carInsurance",2022-01-01,2023-01-31,"€60",54
130,"FR","carInsurance",2022-04-01,2023-04-30,"€35",54
133,"FR","carInsurance",2022-02-01,2023-02-28,"€35",55
134,"FR","carInsurance",2021-11-01,2022-10-31,"€40",55
136,"FR","homeInsurance",2021-09-01,2022-08-31,"€35",55
137,"FR","carInsurance",2022-02-01,2023-02-28,"€55",58
139,"FR","lifeInsurance",2021-09-01,2022-08-31,"€75",58
140,"FR","homeInsurance",2022-01-01,2023-01-31,"€30",58
141,"FR","carInsurance",2022-01-01,2023-01-31,"€40",60
143,"FR","lifeInsurance",2022-06-01,2023-06-30,"€55",60
144,"FR","homeInsurance",2022-02-01,2023-02-28,"€30",60
145,"FR","carInsurance",2021-10-01,2022-09-30,"€35",62
155,"FR","lifeInsurance",2021-09-01,2022-08-31,"€75",64
156,"FR","homeInsurance",2021-11-01,2022-10-31,"€55",64
157,"FR","carInsurance",2021-11-01,2022-10-31,"€65",66
158,"FR","carInsurance",2021-11-01,2022-10-31,"€45",66
160,"FR","homeInsurance",2021-11-01,2022-10-31,"€30",66
161,"FR","carInsurance",2022-01-01,2023-01-31,"€50",67
165,"FR","carInsurance",2021-10-01,2022-09-30,"€60",68
166,"FR","carInsurance",2022-03-01,2023-03-31,"€35",68
169,"FR","carInsurance",2021-09-01,2022-08-31,"€45",69
172,"FR","homeInsurance",2021-10-01,2022-09-30,"€55",69
173,"FR","carInsurance",2022-06-01,2023-06-30,"€60",70
176,"FR","homeInsurance",2021-09-01,2022-08-31,"€50",70
179,"FR","lifeInsurance",2022-01-01,2022-12-31,"€45",72
180,"FR","homeInsurance",2022-03-01,2023-03-31,"€40",72
181,"FR","carInsurance",2022-01-01,2022-12-31,"€35",74
184,"FR","homeInsurance",2021-11-01,2022-10-31,"€45",74
185,"FR","carInsurance",2022-04-01,2023-04-30,"€40",77
188,"FR","homeInsurance",2022-05-01,2023-05-31,"€30",77
189,"FR","carInsurance",2022-05-01,2023-05-31,"€30",78
192,"FR","homeInsurance",2022-02-01,2023-02-28,"€55",78
197,"FR","carInsurance",2022-05-01,2023-05-31,"€40",81
200,"FR","homeInsurance",2021-10-01,2022-09-30,"€40",81
202,"FR","carInsurance",2022-06-01,2023-06-30,"€35",82
205,"FR","carInsurance",2021-11-01,2022-10-31,"€65",83
208,"FR","homeInsurance",2021-09-01,2022-08-31,"€45",83
209,"FR","carInsurance",2021-12-01,2022-11-30,"€35",84
211,"FR","lifeInsurance",2021-12-01,2022-11-30,"€60",84
214,"FR","carInsurance",2022-03-01,2023-03-31,"€30",86
217,"FR","carInsurance",2021-10-01,2022-09-30,"€50",90
219,"FR","lifeInsurance",2022-01-01,2023-01-31,"€60",90
221,"FR","carInsurance",2021-09-01,2022-08-31,"€55",91
224,"FR","homeInsurance",2021-12-01,2022-11-30,"€50",91
228,"FR","homeInsurance",2021-10-01,2022-09-30,"€40",93
229,"FR","carInsurance",2022-01-01,2022-12-31,"€45",94
233,"FR","carInsurance",2022-02-01,2023-02-28,"€40",95
234,"FR","carInsurance",2022-03-01,2023-03-31,"€25",95
235,"FR","lifeInsurance",2022-06-01,2023-06-30,"€55",95
236,"FR","homeInsurance",2021-10-01,2022-09-30,"€50",95
237,"FR","carInsurance",2022-03-01,2023-03-31,"€60",96
239,"FR","lifeInsurance",2022-05-01,2023-05-31,"€45",96
240,"FR","homeInsurance",2022-01-01,2022-12-31,"€50",96
241,"FR","carInsurance",2022-03-01,2023-03-31,"€55",97
244,"FR","homeInsurance",2022-03-01,2023-03-31,"€45",97
249,"FR","carInsurance",2022-01-01,2023-01-31,"€50",105
252,"FR","homeInsurance",2022-05-01,2023-05-31,"€30",105
253,"FR","carInsurance",2021-12-01,2022-11-30,"€65",106
256,"FR","homeInsurance",2022-05-01,2023-05-31,"€30",106
258,"FR","carInsurance",2022-04-01,2023-04-30,"€25",107
261,"FR","carInsurance",2022-03-01,2023-03-31,"€60",108
262,"FR","carInsurance",2021-09-01,2022-08-31,"€35",108
264,"FR","homeInsurance",2022-02-01,2023-02-28,"€35",108
265,"FR","carInsurance",2021-09-01,2022-08-31,"€45",110
266,"FR","carInsurance",2022-03-01,2023-03-31,"€40",110
269,"FR","carInsurance",2021-12-01,2022-11-30,"€50",111
270,"FR","carInsurance",2022-01-01,2023-01-31,"€40",111
273,"FR","carInsurance",2022-02-01,2023-02-28,"€65",112
276,"FR","homeInsurance",2022-01-01,2023-01-31,"€40",112
277,"FR","carInsurance",2022-05-01,2023-05-31,"€45",113
279,"FR","lifeInsurance",2022-04-01,2023-04-30,"€45",113
281,"FR","carInsurance",2022-01-01,2023-01-31,"€35",114
285,"FR","carInsurance",2021-09-01,2022-08-31,"€30",116
288,"FR","homeInsurance",2022-05-01,2023-05-31,"€50",116
289,"FR","carInsurance",2022-01-01,2022-12-31,"€60",118
291,"FR","lifeInsurance",2022-01-01,2023-01-31,"€65",118
292,"FR","homeInsurance",2022-02-01,2023-02-28,"€55",118
293,"FR","carInsurance",2021-12-01,2022-11-30,"€30",119
294,"FR","carInsurance",2021-12-01,2022-11-30,"€25",119
297,"FR","carInsurance",2022-06-01,2023-06-30,"€45",120
299,"FR","lifeInsurance",2022-04-01,2023-04-30,"€40",120
300,"FR","homeInsurance",2022-01-01,2022-12-31,"€55",120
301,"FR","carInsurance",2022-05-01,2023-05-31,"€50",121
302,"FR","carInsurance",2022-02-01,2023-02-28,"€40",121
303,"FR","lifeInsurance",2022-05-01,2023-05-31,"€50",121
305,"FR","carInsurance",2022-05-01,2023-05-31,"€65",122
306,"FR","carInsurance",2022-01-01,2023-01-31,"€35",122
308,"FR","homeInsurance",2021-09-01,2022-08-31,"€45",122
312,"FR","homeInsurance",2022-02-01,2023-02-28,"€45",126
313,"FR","carInsurance",2022-01-01,2023-01-31,"€45",127
317,"FR","carInsurance",2021-09-01,2022-08-31,"€50",128
320,"FR","homeInsurance",2021-11-01,2022-10-31,"€55",128
321,"FR","carInsurance",2022-05-01,2023-05-31,"€50",129
323,"FR","lifeInsurance",2022-01-01,2023-01-31,"€45",129
324,"FR","homeInsurance",2022-05-01,2023-05-31,"€50",129
326,"FR","carInsurance",2021-11-01,2022-10-31,"€25",130
328,"FR","homeInsurance",2022-06-01,2023-06-30,"€45",130
329,"FR","carInsurance",2021-09-01,2022-08-31,"€40",131
332,"FR","homeInsurance",2022-01-01,2022-12-31,"€35",131
334,"FR","carInsurance",2021-10-01,2022-09-30,"€40",134
335,"FR","lifeInsurance",2021-12-01,2022-11-30,"€65",134
336,"FR","homeInsurance",2022-04-01,2023-04-30,"€50",134
337,"FR","carInsurance",2022-03-01,2023-03-31,"€50",137
339,"FR","lifeInsurance",2022-03-01,2023-03-31,"€40",137
340,"FR","homeInsurance",2022-01-01,2023-01-31,"€40",137
341,"FR","carInsurance",2021-12-01,2022-11-30,"€55",138
345,"FR","carInsurance",2021-12-01,2022-11-30,"€50",139
352,"FR","homeInsurance",2021-12-01,2022-11-30,"€40",140
353,"FR","carInsurance",2022-02-01,2023-02-28,"€45",143
354,"FR","carInsurance",2021-12-01,2022-11-30,"€45",143
357,"FR","carInsurance",2021-09-01,2022-08-31,"€60",146
359,"FR","lifeInsurance",2021-09-01,2022-08-31,"€40",146
360,"FR","homeInsurance",2022-01-01,2022-12-31,"€40",146
361,"FR","carInsurance",2022-04-01,2023-04-30,"€45",147
362,"FR","carInsurance",2022-02-01,2023-02-28,"€45",147
363,"FR","lifeInsurance",2022-01-01,2023-01-31,"€75",147
364,"FR","homeInsurance",2022-01-01,2023-01-31,"€50",147
365,"FR","carInsurance",2021-10-01,2022-09-30,"€30",148
368,"FR","homeInsurance",2022-04-01,2023-04-30,"€45",148
369,"FR","carInsurance",2022-02-01,2023-02-28,"€40",149
371,"FR","lifeInsurance",2022-01-01,2022-12-31,"€55",149
373,"FR","carInsurance",2021-12-01,2022-11-30,"€40",150
377,"FR","carInsurance",2022-01-01,2022-12-31,"€30",151
378,"FR","carInsurance",2021-11-01,2022-10-31,"€20",151
380,"FR","homeInsurance",2021-10-01,2022-09-30,"€35",151
381,"FR","carInsurance",2022-05-01,2023-05-31,"€60",154
382,"FR","carInsurance",2022-01-01,2022-12-31,"€20",154
384,"FR","homeInsurance",2022-06-01,2023-06-30,"€40",154
385,"FR","carInsurance",2022-05-01,2023-05-31,"€60",156
389,"FR","carInsurance",2022-01-01,2022-12-31,"€30",157
392,"FR","homeInsurance",2022-01-01,2022-12-31,"€50",157
393,"FR","carInsurance",2022-05-01,2023-05-31,"€40",164
394,"FR","carInsurance",2022-04-01,2023-04-30,"€20",164
395,"FR","lifeInsurance",2021-10-01,2022-09-30,"€70",164
396,"FR","homeInsurance",2021-10-01,2022-09-30,"€40",164
397,"FR","carInsurance",2022-01-01,2022-12-31,"€60",165
399,"FR","lifeInsurance",2021-10-01,2022-09-30,"€45",165
401,"FR","carInsurance",2022-06-01,2023-06-30,"€50",167
405,"FR","carInsurance",2022-02-01,2023-02-28,"€45",168
411,"FR","lifeInsurance",2022-02-01,2023-02-28,"€40",169
413,"FR","carInsurance",2022-06-01,2023-06-30,"€45",170
415,"FR","lifeInsurance",2021-12-01,2022-11-30,"€70",170
417,"FR","carInsurance",2022-06-01,2023-06-30,"€65",171
420,"FR","homeInsurance",2022-01-01,2023-01-31,"€30",171
421,"FR","carInsurance",2021-10-01,2022-09-30,"€55",173
422,"FR","carInsurance",2021-11-01,2022-10-31,"€35",173
424,"FR","homeInsurance",2022-02-01,2023-02-28,"€40",173
427,"FR","lifeInsurance",2022-01-01,2022-12-31,"€75",175
428,"FR","homeInsurance",2021-11-01,2022-10-31,"€45",175
429,"FR","carInsurance",2022-05-01,2023-05-31,"€55",176
430,"FR","carInsurance",2022-04-01,2023-04-30,"€20",176
432,"FR","homeInsurance",2022-05-01,2023-05-31,"€45",176
433,"FR","carInsurance",2021-11-01,2022-10-31,"€40",178
436,"FR","homeInsurance",2021-12-01,2022-11-30,"€35",178
437,"FR","carInsurance",2022-01-01,2022-12-31,"€30",179
441,"FR","carInsurance",2021-11-01,2022-10-31,"€40",180
442,"FR","carInsurance",2021-11-01,2022-10-31,"€45",180
444,"FR","homeInsurance",2021-10-01,2022-09-30,"€55",180
445,"FR","carInsurance",2021-09-01,2022-08-31,"€60",181
448,"FR","homeInsurance",2021-11-01,2022-10-31,"€45",181
452,"FR","homeInsurance",2022-04-01,2023-04-30,"€30",184
453,"FR","carInsurance",2022-01-01,2022-12-31,"€30",185
458,"FR","carInsurance",2022-02-01,2023-02-28,"€30",186
461,"FR","carInsurance",2022-01-01,2023-01-31,"€50",187
465,"FR","carInsurance",2022-04-01,2023-04-30,"€30",188
466,"FR","carInsurance",2022-04-01,2023-04-30,"€35",188
468,"FR","homeInsurance",2022-01-01,2022-12-31,"€30",188
469,"FR","carInsurance",2022-03-01,2023-03-31,"€45",190
470,"FR","carInsurance",2021-12-01,2022-11-30,"€45",190
472,"FR","homeInsurance",2021-10-01,2022-09-30,"€35",190
473,"FR","carInsurance",2021-10-01,2022-09-30,"€60",192
475,"FR","lifeInsurance",2021-09-01,2022-08-31,"€70",192
476,"FR","homeInsurance",2022-01-01,2023-01-31,"€55",192
478,"FR","carInsurance",2021-09-01,2022-08-31,"€30",196
479,"FR","lifeInsurance",2021-12-01,2022-11-30,"€65",196
480,"FR","homeInsurance",2022-04-01,2023-04-30,"€40",196
483,"FR","lifeInsurance",2022-01-01,2023-01-31,"€45",197
485,"FR","carInsurance",2022-03-01,2023-03-31,"€45",198
487,"FR","lifeInsurance",2021-09-01,2022-08-31,"€40",198
488,"FR","homeInsurance",2021-11-01,2022-10-31,"€50",198
489,"FR","carInsurance",2021-10-01,2022-09-30,"€55",200
492,"FR","homeInsurance",2022-03-01,2023-03-31,"€40",200
496,"DE","homeInsurance",2021-10-01,2022-09-30,"€40",201
497,"DE","carInsurance",2021-11-01,2022-10-31,"€45",202
500,"DE","homeInsurance",2022-03-01,2023-03-31,"€30",202
501,"DE","carInsurance",2021-11-01,2022-10-31,"€35",203
503,"DE","lifeInsurance",2021-12-01,2022-11-30,"€65",203
504,"DE","homeInsurance",2022-05-01,2023-05-31,"€45",203
505,"DE","carInsurance",2022-05-01,2023-05-31,"€60",205
507,"DE","lifeInsurance",2022-03-01,2023-03-31,"€65",205
508,"DE","homeInsurance",2022-01-01,2022-12-31,"€35",205
509,"DE","carInsurance",2021-12-01,2022-11-30,"€60",206
511,"DE","lifeInsurance",2021-12-01,2022-11-30,"€70",206
512,"DE","homeInsurance",2022-04-01,2023-04-30,"€55",206
515,"DE","lifeInsurance",2022-01-01,2022-12-31,"€75",207
516,"DE","homeInsurance",2022-01-01,2022-12-31,"€35",207
517,"DE","carInsurance",2021-12-01,2022-11-30,"€55",208
519,"DE","lifeInsurance",2022-03-01,2023-03-31,"€45",208
522,"DE","carInsurance",2021-12-01,2022-11-30,"€25",209
525,"DE","carInsurance",2021-09-01,2022-08-31,"€65",210
527,"DE","lifeInsurance",2022-01-01,2022-12-31,"€45",210
529,"DE","carInsurance",2022-01-01,2022-12-31,"€35",211
532,"DE","homeInsurance",2022-02-01,2023-02-28,"€55",211
533,"DE","carInsurance",2022-01-01,2023-01-31,"€35",212
535,"DE","lifeInsurance",2021-12-01,2022-11-30,"€65",212
536,"DE","homeInsurance",2021-09-01,2022-08-31,"€45",212
537,"DE","carInsurance",2021-10-01,2022-09-30,"€40",213
539,"DE","lifeInsurance",2021-12-01,2022-11-30,"€40",213
540,"DE","homeInsurance",2021-09-01,2022-08-31,"€40",213
541,"DE","carInsurance",2021-11-01,2022-10-31,"€35",214
544,"DE","homeInsurance",2021-11-01,2022-10-31,"€50",214
548,"DE","homeInsurance",2022-04-01,2023-04-30,"€50",215
549,"DE","carInsurance",2022-06-01,2023-06-30,"€60",216
552,"DE","homeInsurance",2021-12-01,2022-11-30,"€30",216
553,"DE","carInsurance",2021-09-01,2022-08-31,"€65",217
554,"DE","carInsurance",2021-11-01,2022-10-31,"€30",217
555,"DE","lifeInsurance",2022-03-01,2023-03-31,"€40",217
557,"DE","carInsurance",2022-04-01,2023-04-30,"€40",218
561,"DE","carInsurance",2022-01-01,2022-12-31,"€50",220
563,"DE","lifeInsurance",2021-10-01,2022-09-30,"€65",220
564,"DE","homeInsurance",2021-09-01,2022-08-31,"€30",220
565,"DE","carInsurance",2022-01-01,2022-12-31,"€40",222
568,"DE","homeInsurance",2022-03-01,2023-03-31,"€50",222
569,"DE","carInsurance",2022-04-01,2023-04-30,"€65",223
573,"DE","carInsurance",2022-03-01,2023-03-31,"€35",225
576,"DE","homeInsurance",2022-04-01,2023-04-30,"€45",225
577,"DE","carInsurance",2022-01-01,2023-01-31,"€55",227
580,"DE","homeInsurance",2022-04-01,2023-04-30,"€55",227
581,"DE","carInsurance",2022-03-01,2023-03-31,"€35",228
584,"DE","homeInsurance",2022-02-01,2023-02-28,"€50",228
585,"DE","carInsurance",2022-01-01,2022-12-31,"€65",229
588,"DE","homeInsurance",2022-01-01,2022-12-31,"€45",229
589,"DE","carInsurance",2021-12-01,2022-11-30,"€45",230
593,"DE","carInsurance",2022-03-01,2023-03-31,"€40",231
596,"DE","homeInsurance",2021-10-01,2022-09-30,"€45",231
597,"DE","carInsurance",2022-03-01,2023-03-31,"€55",232
601,"DE","carInsurance",2022-06-01,2023-06-30,"€45",233
602,"DE","carInsurance",2022-01-01,2023-01-31,"€30",233
605,"DE","carInsurance",2021-12-01,2022-11-30,"€35",234
607,"DE","lifeInsurance",2022-01-01,2023-01-31,"€40",234
608,"DE","homeInsurance",2022-06-01,2023-06-30,"€40",234
613,"DE","carInsurance",2021-11-01,2022-10-31,"€65",236
614,"DE","carInsurance",2021-12-01,2022-11-30,"€45",236
617,"DE","carInsurance",2022-06-01,2023-06-30,"€55",237
618,"DE","carInsurance",2022-05-01,2023-05-31,"€45",237
619,"DE","lifeInsurance",2021-09-01,2022-08-31,"€70",237
621,"DE","carInsurance",2022-03-01,2023-03-31,"€65",238
624,"DE","homeInsurance",2022-03-01,2023-03-31,"€55",238
625,"DE","carInsurance",2022-04-01,2023-04-30,"€65",239
626,"DE","carInsurance",2021-12-01,2022-11-30,"€40",239
628,"DE","homeInsurance",2021-09-01,2022-08-31,"€55",239
629,"DE","carInsurance",2021-11-01,2022-10-31,"€65",240
631,"DE","lifeInsurance",2021-09-01,2022-08-31,"€55",240
632,"DE","homeInsurance",2022-01-01,2022-12-31,"€40",240
633,"DE","carInsurance",2022-06-01,2023-06-30,"€60",242
636,"DE","homeInsurance",2021-10-01,2022-09-30,"€45",242
637,"DE","carInsurance",2022-02-01,2023-02-28,"€55",245
640,"DE","homeInsurance",2022-04-01,2023-04-30,"€30",245
641,"DE","carInsurance",2021-10-01,2022-09-30,"€55",246
644,"DE","homeInsurance",2022-02-01,2023-02-28,"€55",246
646,"DE","carInsurance",2022-06-01,2023-06-30,"€35",249
648,"DE","homeInsurance",2022-01-01,2023-01-31,"€45",249
652,"DE","homeInsurance",2022-05-01,2023-05-31,"€30",250
655,"DE","lifeInsurance",2022-04-01,2023-04-30,"€75",251
656,"DE","homeInsurance",2022-01-01,2023-01-31,"€30",251
657,"DE","carInsurance",2022-04-01,2023-04-30,"€30",252
658,"DE","carInsurance",2022-04-01,2023-04-30,"€45",252
660,"DE","homeInsurance",2021-09-01,2022-08-31,"€40",252
661,"DE","carInsurance",2022-04-01,2023-04-30,"€55",254
673,"DE","carInsurance",2022-05-01,2023-05-31,"€50",257
675,"DE","lifeInsurance",2021-12-01,2022-11-30,"€70",257
677,"DE","carInsurance",2022-01-01,2023-01-31,"€40",258
681,"DE","carInsurance",2022-04-01,2023-04-30,"€35",259
683,"DE","lifeInsurance",2021-11-01,2022-10-31,"€50",259
684,"DE","homeInsurance",2022-06-01,2023-06-30,"€50",259
685,"DE","carInsurance",2021-12-01,2022-11-30,"€35",261
688,"DE","homeInsurance",2022-01-01,2022-12-31,"€50",261
691,"DE","lifeInsurance",2022-05-01,2023-05-31,"€40",262
692,"DE","homeInsurance",2022-06-01,2023-06-30,"€45",262
693,"DE","carInsurance",2021-10-01,2022-09-30,"€45",263
695,"DE","lifeInsurance",2021-09-01,2022-08-31,"€50",263
696,"DE","homeInsurance",2021-09-01,2022-08-31,"€40",263
697,"DE","carInsurance",2021-10-01,2022-09-30,"€65",264
699,"DE","lifeInsurance",2022-04-01,2023-04-30,"€65",264
700,"DE","homeInsurance",2022-05-01,2023-05-31,"€35",264
701,"DE","carInsurance",2021-09-01,2022-08-31,"€65",265
703,"DE","lifeInsurance",2021-12-01,2022-11-30,"€70",265
704,"DE","homeInsurance",2022-03-01,2023-03-31,"€35",265
708,"DE","homeInsurance",2022-06-01,2023-06-30,"€40",266
709,"DE","carInsurance",2022-01-01,2023-01-31,"€55",267
710,"DE","carInsurance",2022-04-01,2023-04-30,"€35",267
711,"DE","lifeInsurance",2021-09-01,2022-08-31,"€55",267
713,"DE","carInsurance",2021-09-01,2022-08-31,"€50",268
714,"DE","carInsurance",2022-04-01,2023-04-30,"€30",268
715,"DE","lifeInsurance",2021-11-01,2022-10-31,"€50",268
716,"DE","homeInsurance",2021-12-01,2022-11-30,"€55",268
717,"DE","carInsurance",2022-05-01,2023-05-31,"€50",272
718,"DE","carInsurance",2022-05-01,2023-05-31,"€35",272
720,"DE","homeInsurance",2022-01-01,2022-12-31,"€45",272
721,"DE","carInsurance",2022-01-01,2023-01-31,"€50",273
723,"DE","lifeInsurance",2022-01-01,2022-12-31,"€45",273
724,"DE","homeInsurance",2022-04-01,2023-04-30,"€35",273
725,"DE","carInsurance",2022-04-01,2023-04-30,"€65",274
726,"DE","carInsurance",2022-01-01,2023-01-31,"€35",274
728,"DE","homeInsurance",2022-02-01,2023-02-28,"€35",274
731,"DE","lifeInsurance",2021-11-01,2022-10-31,"€70",275
732,"DE","homeInsurance",2021-10-01,2022-09-30,"€35",275
733,"DE","carInsurance",2022-01-01,2023-01-31,"€30",276
735,"DE","lifeInsurance",2022-04-01,2023-04-30,"€40",276
738,"DE","carInsurance",2022-03-01,2023-03-31,"€35",278
740,"DE","homeInsurance",2022-01-01,2023-01-31,"€50",278
744,"DE","homeInsurance",2022-05-01,2023-05-31,"€50",279
745,"DE","carInsurance",2021-09-01,2022-08-31,"€40",280
746,"DE","carInsurance",2021-12-01,2022-11-30,"€30",280
747,"DE","lifeInsurance",2022-02-01,2023-02-28,"€70",280
748,"DE","homeInsurance",2022-04-01,2023-04-30,"€45",280
752,"DE","homeInsurance",2022-01-01,2023-01-31,"€40",281
754,"DE","carInsurance",2022-05-01,2023-05-31,"€25",282
756,"DE","homeInsurance",2021-12-01,2022-11-30,"€35",282
759,"DE","lifeInsurance",2021-11-01,2022-10-31,"€45",283
760,"DE","homeInsurance",2021-11-01,2022-10-31,"€55",283
761,"DE","carInsurance",2021-10-01,2022-09-30,"€60",284
763,"DE","lifeInsurance",2021-11-01,2022-10-31,"€55",284
765,"DE","carInsurance",2022-06-01,2023-06-30,"€50",285
767,"DE","lifeInsurance",2022-01-01,2023-01-31,"€75",285
768,"DE","homeInsurance",2022-06-01,2023-06-30,"€30",285
769,"DE","carInsurance",2022-03-01,2023-03-31,"€40",287
771,"DE","lifeInsurance",2022-06-01,2023-06-30,"€65",287
772,"DE","homeInsurance",2021-12-01,2022-11-30,"€55",287
773,"DE","carInsurance",2021-10-01,2022-09-30,"€65",288
774,"DE","carInsurance",2021-12-01,2022-11-30,"€20",288
775,"DE","lifeInsurance",2022-03-01,2023-03-31,"€65",288
777,"DE","carInsurance",2022-01-01,2023-01-31,"€55",289
779,"DE","lifeInsurance",2022-01-01,2022-12-31,"€50",289
781,"DE","carInsurance",2022-05-01,2023-05-31,"€40",291
784,"DE","homeInsurance",2022-06-01,2023-06-30,"€35",291
787,"DE","lifeInsurance",2021-12-01,2022-11-30,"€65",293
788,"DE","homeInsurance",2022-02-01,2023-02-28,"€50",293
789,"DE","carInsurance",2022-02-01,2023-02-28,"€55",294
791,"DE","lifeInsurance",2021-10-01,2022-09-30,"€70",294
792,"DE","homeInsurance",2022-05-01,2023-05-31,"€55",294
793,"DE","carInsurance",2022-04-01,2023-04-30,"€55",295
794,"DE","carInsurance",2022-01-01,2023-01-31,"€30",295
795,"DE","lifeInsurance",2021-11-01,2022-10-31,"€75",295
796,"DE","homeInsurance",2021-10-01,2022-09-30,"€40",295
800,"DE","homeInsurance",2022-01-01,2023-01-31,"€30",297
801,"DE","carInsurance",2022-04-01,2023-04-30,"€35",298
804,"DE","homeInsurance",2022-03-01,2023-03-31,"€30",298
805,"DE","carInsurance",2022-06-01,2023-06-30,"€55",299
806,"DE","carInsurance",2022-06-01,2023-06-30,"€25",299
807,"DE","lifeInsurance",2022-05-01,2023-05-31,"€70",299
809,"DE","carInsurance",2022-06-01,2023-06-30,"€50",300
811,"DE","lifeInsurance",2021-10-01,2022-09-30,"€40",300
812,"DE","homeInsurance",2022-02-01,2023-02-28,"€45",300
814,"DE","carInsurance",2022-03-01,2023-03-31,"€45",301
815,"DE","lifeInsurance",2022-03-01,2023-03-31,"€55",301
816,"DE","homeInsurance",2022-01-01,2022-12-31,"€55",301
818,"DE","carInsurance",2022-01-01,2023-01-31,"€45",302
820,"DE","homeInsurance",2022-06-01,2023-06-30,"€30",302
821,"DE","carInsurance",2022-04-01,2023-04-30,"€35",304
824,"DE","homeInsurance",2021-12-01,2022-11-30,"€30",304
825,"DE","carInsurance",2021-11-01,2022-10-31,"€50",305
827,"DE","lifeInsurance",2022-02-01,2023-02-28,"€45",305
829,"DE","carInsurance",2022-06-01,2023-06-30,"€40",306
832,"DE","homeInsurance",2022-06-01,2023-06-30,"€35",306
833,"DE","carInsurance",2022-04-01,2023-04-30,"€30",308
837,"DE","carInsurance",2022-02-01,2023-02-28,"€60",309
844,"DE","homeInsurance",2022-04-01,2023-04-30,"€35",310
845,"DE","carInsurance",2022-06-01,2023-06-30,"€55",312
846,"DE","carInsurance",2022-01-01,2022-12-31,"€20",312
849,"DE","carInsurance",2022-01-01,2022-12-31,"€55",313
854,"DE","carInsurance",2021-12-01,2022-11-30,"€20",314
855,"DE","lifeInsurance",2022-01-01,2022-12-31,"€60",314
856,"DE","homeInsurance",2022-01-01,2022-12-31,"€35",314
857,"DE","carInsurance",2021-11-01,2022-10-31,"€45",315
863,"DE","lifeInsurance",2022-01-01,2022-12-31,"€70",316
865,"DE","carInsurance",2021-09-01,2022-08-31,"€40",317
867,"DE","lifeInsurance",2022-04-01,2023-04-30,"€70",317
869,"DE","carInsurance",2022-05-01,2023-05-31,"€35",318
871,"DE","lifeInsurance",2022-05-01,2023-05-31,"€40",318
873,"DE","carInsurance",2021-10-01,2022-09-30,"€35",319
875,"DE","lifeInsurance",2021-10-01,2022-09-30,"€65",319
876,"DE","homeInsurance",2022-02-01,2023-02-28,"€45",319
881,"DE","carInsurance",2022-04-01,2023-04-30,"€50",321
885,"DE","carInsurance",2022-01-01,2022-12-31,"€55",322
886,"DE","carInsurance",2022-02-01,2023-02-28,"€35",322
887,"DE","lifeInsurance",2021-09-01,2022-08-31,"€60",322
888,"DE","homeInsurance",2021-09-01,2022-08-31,"€40",322
889,"DE","carInsurance",2022-01-01,2023-01-31,"€60",324
891,"DE","lifeInsurance",2021-09-01,2022-08-31,"€55",324
892,"DE","homeInsurance",2021-09-01,2022-08-31,"€35",324
896,"DE","homeInsurance",2021-12-01,2022-11-30,"€50",325
897,"DE","carInsurance",2022-02-01,2023-02-28,"€35",326
901,"DE","carInsurance",2021-09-01,2022-08-31,"€35",327
902,"DE","carInsurance",2022-05-01,2023-05-31,"€45",327
903,"DE","lifeInsurance",2021-09-01,2022-08-31,"€50",327
905,"DE","carInsurance",2022-01-01,2023-01-31,"€65",329
906,"DE","carInsurance",2022-05-01,2023-05-31,"€25",329
908,"DE","homeInsurance",2021-10-01,2022-09-30,"€45",329
909,"DE","carInsurance",2022-05-01,2023-05-31,"€55",330
911,"DE","lifeInsurance",2022-03-01,2023-03-31,"€60",330
912,"DE","homeInsurance",2021-12-01,2022-11-30,"€40",330
914,"DE","carInsurance",2022-01-01,2022-12-31,"€20",331
915,"DE","lifeInsurance",2021-11-01,2022-10-31,"€45",331
916,"DE","homeInsurance",2022-01-01,2023-01-31,"€30",331
917,"DE","carInsurance",2022-05-01,2023-05-31,"€55",332
921,"DE","carInsurance",2022-01-01,2022-12-31,"€60",333
925,"DE","carInsurance",2022-01-01,2022-12-31,"€60",334
926,"DE","carInsurance",2021-11-01,2022-10-31,"€40",334
927,"DE","lifeInsurance",2022-01-01,2022-12-31,"€75",334
928,"DE","homeInsurance",2021-10-01,2022-09-30,"€30",334
932,"DE","homeInsurance",2021-09-01,2022-08-31,"€40",335
933,"DE","carInsurance",2022-01-01,2023-01-31,"€40",336
935,"DE","lifeInsurance",2021-12-01,2022-11-30,"€75",336
936,"DE","homeInsurance",2022-04-01,2023-04-30,"€50",336
937,"DE","carInsurance",2022-01-01,2022-12-31,"€65",337
938,"DE","carInsurance",2021-11-01,2022-10-31,"€45",337
941,"DE","carInsurance",2022-04-01,2023-04-30,"€50",338
942,"DE","carInsurance",2022-01-01,2022-12-31,"€40",338
946,"DE","carInsurance",2021-11-01,2022-10-31,"€35",339
949,"DE","carInsurance",2021-11-01,2022-10-31,"€60",340
950,"DE","carInsurance",2022-01-01,2022-12-31,"€20",340
953,"DE","carInsurance",2022-02-01,2023-02-28,"€40",341
957,"DE","carInsurance",2022-04-01,2023-04-30,"€65",342
959,"DE","lifeInsurance",2022-01-01,2022-12-31,"€40",342
960,"DE","homeInsurance",2021-11-01,2022-10-31,"€55",342
961,"DE","carInsurance",2022-05-01,2023-05-31,"€55",343
964,"DE","homeInsurance",2022-01-01,2022-12-31,"€40",343
965,"DE","carInsurance",2022-02-01,2023-02-28,"€30",345
968,"DE","homeInsurance",2022-01-01,2023-01-31,"€40",345
970,"DE","carInsurance",2022-02-01,2023-02-28,"€45",346
972,"DE","homeInsurance",2022-04-01,2023-04-30,"€50",346
976,"DE","homeInsurance",2021-09-01,2022-08-31,"€35",347
979,"DE","lifeInsurance",2022-04-01,2023-04-30,"€55",348
981,"DE","carInsurance",2021-11-01,2022-10-31,"€50",349
988,"DE","homeInsurance",2022-05-01,2023-05-31,"€55",350
992,"DE","homeInsurance",2022-05-01,2023-05-31,"€35",351
995,"DE","lifeInsurance",2021-11-01,2022-10-31,"€60",352
997,"DE","carInsurance",2022-06-01,2023-06-30,"€45",353
1001,"DE","carInsurance",2022-01-01,2023-01-31,"€40",357
1006,"DE","carInsurance",2022-01-01,2023-01-31,"€25",358
1007,"DE","lifeInsurance",2022-06-01,2023-06-30,"€75",358
1009,"DE","carInsurance",2022-06-01,2023-06-30,"€30",359
1011,"DE","lifeInsurance",2022-01-01,2023-01-31,"€50",359
1012,"DE","homeInsurance",2021-11-01,2022-10-31,"€45",359
1013,"DE","carInsurance",2022-04-01,2023-04-30,"€65",361
1016,"DE","homeInsurance",2022-01-01,2023-01-31,"€35",361
1017,"DE","carInsurance",2021-12-01,2022-11-30,"€50",362
1019,"DE","lifeInsurance",2021-12-01,2022-11-30,"€40",362
1020,"DE","homeInsurance",2022-04-01,2023-04-30,"€50",362
1021,"DE","carInsurance",2022-01-01,2023-01-31,"€55",363
1025,"DE","carInsurance",2021-11-01,2022-10-31,"€60",365
1029,"DE","carInsurance",2022-03-01,2023-03-31,"€45",367
1032,"DE","homeInsurance",2022-04-01,2023-04-30,"€50",367
1036,"DE","homeInsurance",2022-03-01,2023-03-31,"€50",368
1037,"DE","carInsurance",2022-01-01,2022-12-31,"€30",369
1038,"DE","carInsurance",2021-12-01,2022-11-30,"€20",369
1039,"DE","lifeInsurance",2022-06-01,2023-06-30,"€65",369
1043,"DE","lifeInsurance",2021-09-01,2022-08-31,"€45",370
1044,"DE","homeInsurance",2022-03-01,2023-03-31,"€40",370
1045,"DE","carInsurance",2022-01-01,2023-01-31,"€55",373
1046,"DE","carInsurance",2022-04-01,2023-04-30,"€40",373
1047,"DE","lifeInsurance",2022-02-01,2023-02-28,"€50",373
1051,"DE","lifeInsurance",2022-03-01,2023-03-31,"€75",375
1055,"DE","lifeInsurance",2022-04-01,2023-04-30,"€75",377
1057,"DE","carInsurance",2021-09-01,2022-08-31,"€65",378
1059,"DE","lifeInsurance",2022-01-01,2022-12-31,"€65",378
1061,"DE","carInsurance",2021-12-01,2022-11-30,"€50",381
1063,"DE","lifeInsurance",2021-12-01,2022-11-30,"€70",381
1064,"DE","homeInsurance",2021-09-01,2022-08-31,"€50",381
1068,"DE","homeInsurance",2022-02-01,2023-02-28,"€35",382
1069,"DE","carInsurance",2022-04-01,2023-04-30,"€50",383
1072,"DE","homeInsurance",2021-12-01,2022-11-30,"€40",383
1073,"DE","carInsurance",2021-10-01,2022-09-30,"€65",384
1074,"DE","carInsurance",2022-03-01,2023-03-31,"€35",384
1075,"DE","lifeInsurance",2022-01-01,2022-12-31,"€75",384
1076,"DE","homeInsurance",2022-01-01,2023-01-31,"€30",384
1077,"DE","carInsurance",2022-03-01,2023-03-31,"€65",385
1078,"DE","carInsurance",2022-01-01,2023-01-31,"€35",385
1080,"DE","homeInsurance",2022-04-01,2023-04-30,"€50",385
1081,"DE","carInsurance",2022-05-01,2023-05-31,"€50",387
1085,"DE","carInsurance",2022-02-01,2023-02-28,"€65",388
1088,"DE","homeInsurance",2022-04-01,2023-04-30,"€35",388
1089,"DE","carInsurance",2021-09-01,2022-08-31,"€35",389
1090,"DE","carInsurance",2021-11-01,2022-10-31,"€35",389
1091,"DE","lifeInsurance",2022-02-01,2023-02-28,"€55",389
1092,"DE","homeInsurance",2022-03-01,2023-03-31,"€50",389
1093,"DE","carInsurance",2022-06-01,2023-06-30,"€55",390
1096,"DE","homeInsurance",2022-01-01,2022-12-31,"€50",390
1099,"DE","lifeInsurance",2022-04-01,2023-04-30,"€45",391
1101,"DE","carInsurance",2022-03-01,2023-03-31,"€65",392
1103,"DE","lifeInsurance",2021-12-01,2022-11-30,"€50",392
1104,"DE","homeInsurance",2022-02-01,2023-02-28,"€35",392
1105,"DE","carInsurance",2021-09-01,2022-08-31,"€45",393
1106,"DE","carInsurance",2022-03-01,2023-03-31,"€30",393
1107,"DE","lifeInsurance",2022-04-01,2023-04-30,"€55",393
1109,"DE","carInsurance",2022-03-01,2023-03-31,"€40",394
1113,"DE","carInsurance",2022-04-01,2023-04-30,"€45",395
1116,"DE","homeInsurance",2021-09-01,2022-08-31,"€40",395
1117,"DE","carInsurance",2021-12-01,2022-11-30,"€35",396
1121,"DE","carInsurance",2021-10-01,2022-09-30,"€45",398
1122,"DE","carInsurance",2021-12-01,2022-11-30,"€45",398
1124,"DE","homeInsurance",2022-02-01,2023-02-28,"€45",398
1125,"DE","carInsurance",2021-11-01,2022-10-31,"€30",399
1127,"DE","lifeInsurance",2022-06-01,2023-06-30,"€60",399
1128,"DE","homeInsurance",2022-03-01,2023-03-31,"€45",399
1129,"GB","carInsurance",2022-05-01,2023-05-31,"£30",404
1132,"GB","homeInsurance",2022-03-01,2023-03-31,"£50",404
1133,"GB","carInsurance",2022-05-01,2023-05-31,"£35",405
1135,"GB","lifeInsurance",2021-09-01,2022-08-31,"£40",405
1137,"GB","carInsurance",2022-01-01,2023-01-31,"£45",408
1139,"GB","lifeInsurance",2022-06-01,2023-06-30,"£65",408
1141,"GB","carInsurance",2021-11-01,2022-10-31,"£40",410
1142,"GB","carInsurance",2021-10-01,2022-09-30,"£35",410
1143,"GB","lifeInsurance",2022-01-01,2023-01-31,"£60",410
1145,"GB","carInsurance",2022-04-01,2023-04-30,"£55",412
1147,"GB","lifeInsurance",2022-02-01,2023-02-28,"£75",412
1149,"GB","carInsurance",2022-05-01,2023-05-31,"£55",413
1151,"GB","lifeInsurance",2021-12-01,2022-11-30,"£55",413
1152,"GB","homeInsurance",2022-06-01,2023-06-30,"£50",413
1153,"GB","carInsurance",2022-01-01,2022-12-31,"£35",414
1154,"GB","carInsurance",2021-10-01,2022-09-30,"£35",414
1155,"GB","lifeInsurance",2022-06-01,2023-06-30,"£75",414
1156,"GB","homeInsurance",2021-10-01,2022-09-30,"£55",414
1157,"GB","carInsurance",2022-01-01,2022-12-31,"£35",415
1160,"GB","homeInsurance",2022-01-01,2022-12-31,"£45",415
1161,"GB","carInsurance",2022-02-01,2023-02-28,"£45",416
1164,"GB","homeInsurance",2022-05-01,2023-05-31,"£30",416
1165,"GB","carInsurance",2022-06-01,2023-06-30,"£35",418
1168,"GB","homeInsurance",2022-02-01,2023-02-28,"£45",418
1169,"GB","carInsurance",2021-12-01,2022-11-30,"£60",419
1170,"GB","carInsurance",2022-03-01,2023-03-31,"£45",419
1172,"GB","homeInsurance",2021-11-01,2022-10-31,"£35",419
1173,"GB","carInsurance",2022-04-01,2023-04-30,"£45",420
1175,"GB","lifeInsurance",2022-06-01,2023-06-30,"£60",420
1176,"GB","homeInsurance",2021-10-01,2022-09-30,"£55",420
1177,"GB","carInsurance",2022-04-01,2023-04-30,"£40",422
1181,"GB","carInsurance",2022-06-01,2023-06-30,"£55",424
1184,"GB","homeInsurance",2021-11-01,2022-10-31,"£45",424
1185,"GB","carInsurance",2022-02-01,2023-02-28,"£30",426
1186,"GB","carInsurance",2022-01-01,2022-12-31,"£40",426
1189,"GB","carInsurance",2022-04-01,2023-04-30,"£40",427
1191,"GB","lifeInsurance",2022-03-01,2023-03-31,"£65",427
1193,"GB","carInsurance",2021-10-01,2022-09-30,"£65",428
1194,"GB","carInsurance",2022-01-01,2022-12-31,"£45",428
1196,"GB","homeInsurance",2022-01-01,2023-01-31,"£40",428
1197,"GB","carInsurance",2022-05-01,2023-05-31,"£65",429
1201,"GB","carInsurance",2022-06-01,2023-06-30,"£60",430
1203,"GB","lifeInsurance",2022-03-01,2023-03-31,"£65",430
1208,"GB","homeInsurance",2021-09-01,2022-08-31,"£30",431
1213,"GB","carInsurance",2022-05-01,2023-05-31,"£30",433
1214,"GB","carInsurance",2022-05-01,2023-05-31,"£25",433
1215,"GB","lifeInsurance",2022-02-01,2023-02-28,"£60",433
1216,"GB","homeInsurance",2021-10-01,2022-09-30,"£45",433
1217,"GB","carInsurance",2022-06-01,2023-06-30,"£65",434
1219,"GB","lifeInsurance",2022-01-01,2023-01-31,"£75",434
1220,"GB","homeInsurance",2022-04-01,2023-04-30,"£55",434
1223,"GB","lifeInsurance",2022-05-01,2023-05-31,"£50",435
1224,"GB","homeInsurance",2021-10-01,2022-09-30,"£55",435
1225,"GB","carInsurance",2022-01-01,2022-12-31,"£60",436
1227,"GB","lifeInsurance",2022-01-01,2023-01-31,"£50",436
1228,"GB","homeInsurance",2022-03-01,2023-03-31,"£30",436
1229,"GB","carInsurance",2021-11-01,2022-10-31,"£65",441
1232,"GB","homeInsurance",2021-11-01,2022-10-31,"£55",441
1233,"GB","carInsurance",2022-05-01,2023-05-31,"£50",442
1235,"GB","lifeInsurance",2021-11-01,2022-10-31,"£50",442
1236,"GB","homeInsurance",2022-03-01,2023-03-31,"£40",442
1238,"GB","carInsurance",2022-03-01,2023-03-31,"£25",444
1242,"GB","carInsurance",2022-06-01,2023-06-30,"£45",445
1243,"GB","lifeInsurance",2022-05-01,2023-05-31,"£75",445
1244,"GB","homeInsurance",2021-11-01,2022-10-31,"£35",445
1246,"GB","carInsurance",2022-05-01,2023-05-31,"£20",446
1252,"GB","homeInsurance",2022-06-01,2023-06-30,"£35",448
1253,"GB","carInsurance",2021-12-01,2022-11-30,"£55",449
1256,"GB","homeInsurance",2022-02-01,2023-02-28,"£55",449
1257,"GB","carInsurance",2022-03-01,2023-03-31,"£35",450
1258,"GB","carInsurance",2022-01-01,2022-12-31,"£20",450
1260,"GB","homeInsurance",2022-01-01,2022-12-31,"£50",450
1263,"GB","lifeInsurance",2022-05-01,2023-05-31,"£70",451
1264,"GB","homeInsurance",2022-01-01,2023-01-31,"£55",451
1269,"GB","carInsurance",2022-03-01,2023-03-31,"£35",453
1270,"GB","carInsurance",2022-03-01,2023-03-31,"£45",453
1271,"GB","lifeInsurance",2022-04-01,2023-04-30,"£65",453
1273,"GB","carInsurance",2021-10-01,2022-09-30,"£45",455
1275,"GB","lifeInsurance",2022-01-01,2023-01-31,"£75",455
1277,"GB","carInsurance",2021-12-01,2022-11-30,"£40",456
1279,"GB","lifeInsurance",2022-06-01,2023-06-30,"£70",456
1280,"GB","homeInsurance",2021-10-01,2022-09-30,"£50",456
1281,"GB","carInsurance",2021-09-01,2022-08-31,"£30",457
1285,"GB","carInsurance",2022-06-01,2023-06-30,"£35",459
1289,"GB","carInsurance",2022-02-01,2023-02-28,"£30",460
1290,"GB","carInsurance",2022-01-01,2022-12-31,"£40",460
1292,"GB","homeInsurance",2021-10-01,2022-09-30,"£45",460
1297,"GB","carInsurance",2022-06-01,2023-06-30,"£65",464
1298,"GB","carInsurance",2021-11-01,2022-10-31,"£30",464
1301,"GB","carInsurance",2021-10-01,2022-09-30,"£35",465
1304,"GB","homeInsurance",2022-01-01,2023-01-31,"£50",465
1305,"GB","carInsurance",2021-10-01,2022-09-30,"£60",466
1307,"GB","lifeInsurance",2022-06-01,2023-06-30,"£75",466
1308,"GB","homeInsurance",2022-01-01,2022-12-31,"£40",466
1309,"GB","carInsurance",2022-05-01,2023-05-31,"£60",468
1311,"GB","lifeInsurance",2021-12-01,2022-11-30,"£70",468
1313,"GB","carInsurance",2022-01-01,2022-12-31,"£60",469
1315,"GB","lifeInsurance",2022-04-01,2023-04-30,"£65",469
1317,"GB","carInsurance",2022-05-01,2023-05-31,"£55",471
1318,"GB","carInsurance",2022-05-01,2023-05-31,"£25",471
1320,"GB","homeInsurance",2022-03-01,2023-03-31,"£40",471
1321,"GB","carInsurance",2022-04-01,2023-04-30,"£45",472
1325,"GB","carInsurance",2021-11-01,2022-10-31,"£30",475
1329,"GB","carInsurance",2022-04-01,2023-04-30,"£35",478
1332,"GB","homeInsurance",2021-11-01,2022-10-31,"£35",478
1333,"GB","carInsurance",2021-09-01,2022-08-31,"£45",481
1336,"GB","homeInsurance",2021-10-01,2022-09-30,"£35",481
1340,"GB","homeInsurance",2021-10-01,2022-09-30,"£45",483
1341,"GB","carInsurance",2021-11-01,2022-10-31,"£60",485
1344,"GB","homeInsurance",2022-04-01,2023-04-30,"£40",485
1349,"GB","carInsurance",2021-12-01,2022-11-30,"£65",487
1357,"GB","carInsurance",2022-06-01,2023-06-30,"£65",491
1360,"GB","homeInsurance",2022-03-01,2023-03-31,"£30",491
1363,"GB","lifeInsurance",2022-03-01,2023-03-31,"£60",494
1364,"GB","homeInsurance",2022-03-01,2023-03-31,"£30",494
1365,"GB","carInsurance",2022-03-01,2023-03-31,"£65",496
1367,"GB","lifeInsurance",2022-06-01,2023-06-30,"£70",496
1369,"GB","carInsurance",2021-09-01,2022-08-31,"£45",497
1370,"GB","carInsurance",2021-09-01,2022-08-31,"£40",497
1371,"GB","lifeInsurance",2021-12-01,2022-11-30,"£70",497
1373,"GB","carInsurance",2022-06-01,2023-06-30,"£40",498
1376,"GB","homeInsurance",2022-01-01,2022-12-31,"£45",498
1379,"GB","lifeInsurance",2022-01-01,2022-12-31,"£75",499
1380,"GB","homeInsurance",2022-05-01,2023-05-31,"£50",499
1381,"GB","carInsurance",2022-01-01,2022-12-31,"£45",500
1383,"GB","lifeInsurance",2021-10-01,2022-09-30,"£40",500
1384,"GB","homeInsurance",2022-03-01,2023-03-31,"£30",500
1385,"GB","carInsurance",2022-02-01,2023-02-28,"£40",501
1389,"GB","carInsurance",2022-02-01,2023-02-28,"£60",503
1393,"GB","carInsurance",2022-06-01,2023-06-30,"£65",504
1397,"GB","carInsurance",2022-05-01,2023-05-31,"£35",505
1400,"GB","homeInsurance",2021-12-01,2022-11-30,"£55",505
1401,"GB","carInsurance",2022-02-01,2023-02-28,"£60",506
1404,"GB","homeInsurance",2022-04-01,2023-04-30,"£30",506
1405,"GB","carInsurance",2021-09-01,2022-08-31,"£50",507
1408,"GB","homeInsurance",2021-10-01,2022-09-30,"£35",507
1409,"GB","carInsurance",2022-03-01,2023-03-31,"£55",508
1410,"GB","carInsurance",2022-04-01,2023-04-30,"£30",508
1413,"GB","carInsurance",2022-04-01,2023-04-30,"£55",510
1414,"GB","carInsurance",2022-06-01,2023-06-30,"£20",510
1415,"GB","lifeInsurance",2022-06-01,2023-06-30,"£45",510
1416,"GB","homeInsurance",2022-01-01,2023-01-31,"£40",510
1419,"GB","lifeInsurance",2022-04-01,2023-04-30,"£45",511
1420,"GB","homeInsurance",2022-03-01,2023-03-31,"£30",511
1421,"GB","carInsurance",2022-01-01,2023-01-31,"£50",513
1423,"GB","lifeInsurance",2022-01-01,2023-01-31,"£65",513
1424,"GB","homeInsurance",2022-02-01,2023-02-28,"£30",513
1425,"GB","carInsurance",2022-01-01,2023-01-31,"£65",516
1426,"GB","carInsurance",2022-04-01,2023-04-30,"£45",516
1428,"GB","homeInsurance",2021-11-01,2022-10-31,"£45",516
1431,"GB","lifeInsurance",2022-01-01,2023-01-31,"£60",517
1432,"GB","homeInsurance",2021-09-01,2022-08-31,"£30",517
1433,"GB","carInsurance",2022-05-01,2023-05-31,"£55",518
1434,"GB","carInsurance",2022-04-01,2023-04-30,"£35",518
1437,"GB","carInsurance",2021-12-01,2022-11-30,"£35",519
1439,"GB","lifeInsurance",2021-09-01,2022-08-31,"£50",519
1440,"GB","homeInsurance",2021-12-01,2022-11-30,"£45",519
1441,"GB","carInsurance",2021-12-01,2022-11-30,"£40",521
1442,"GB","carInsurance",2022-01-01,2022-12-31,"£30",521
1443,"GB","lifeInsurance",2021-10-01,2022-09-30,"£75",521
1444,"GB","homeInsurance",2021-09-01,2022-08-31,"£55",521
1445,"GB","carInsurance",2022-04-01,2023-04-30,"£60",522
1448,"GB","homeInsurance",2022-04-01,2023-04-30,"£40",522
1449,"GB","carInsurance",2022-01-01,2023-01-31,"£30",524
1451,"GB","lifeInsurance",2022-04-01,2023-04-30,"£40",524
1453,"GB","carInsurance",2022-03-01,2023-03-31,"£30",525
1455,"GB","lifeInsurance",2022-06-01,2023-06-30,"£45",525
1456,"GB","homeInsurance",2022-03-01,2023-03-31,"£55",525
1457,"GB","carInsurance",2022-02-01,2023-02-28,"£65",526
1458,"GB","carInsurance",2021-09-01,2022-08-31,"£45",526
1459,"GB","lifeInsurance",2022-04-01,2023-04-30,"£40",526
1460,"GB","homeInsurance",2022-03-01,2023-03-31,"£35",526
1461,"GB","carInsurance",2022-02-01,2023-02-28,"£45",527
1463,"GB","lifeInsurance",2022-05-01,2023-05-31,"£55",527
1464,"GB","homeInsurance",2022-04-01,2023-04-30,"£50",527
1465,"GB","carInsurance",2022-06-01,2023-06-30,"£60",529
1466,"GB","carInsurance",2022-06-01,2023-06-30,"£35",529
1467,"GB","lifeInsurance",2021-09-01,2022-08-31,"£70",529
1469,"GB","carInsurance",2022-04-01,2023-04-30,"£65",530
1471,"GB","lifeInsurance",2022-04-01,2023-04-30,"£65",530
1475,"GB","lifeInsurance",2021-11-01,2022-10-31,"£75",532
1476,"GB","homeInsurance",2022-01-01,2023-01-31,"£30",532
1477,"GB","carInsurance",2022-01-01,2023-01-31,"£55",533
1479,"GB","lifeInsurance",2022-03-01,2023-03-31,"£50",533
1482,"GB","carInsurance",2022-02-01,2023-02-28,"£45",534
1483,"GB","lifeInsurance",2021-09-01,2022-08-31,"£70",534
1484,"GB","homeInsurance",2022-06-01,2023-06-30,"£45",534
1488,"GB","homeInsurance",2022-01-01,2023-01-31,"£50",535
1489,"GB","carInsurance",2021-10-01,2022-09-30,"£35",536
1490,"GB","carInsurance",2021-10-01,2022-09-30,"£45",536
1491,"GB","lifeInsurance",2021-09-01,2022-08-31,"£50",536
1492,"GB","homeInsurance",2022-02-01,2023-02-28,"£45",536
1495,"GB","lifeInsurance",2021-11-01,2022-10-31,"£50",537
1499,"GB","lifeInsurance",2022-04-01,2023-04-30,"£45",538
1503,"GB","lifeInsurance",2021-11-01,2022-10-31,"£45",541
1504,"GB","homeInsurance",2022-06-01,2023-06-30,"£50",541
1505,"GB","carInsurance",2022-01-01,2023-01-31,"£40",542
1506,"GB","carInsurance",2022-01-01,2022-12-31,"£30",542
1507,"GB","lifeInsurance",2022-02-01,2023-02-28,"£55",542
1508,"GB","homeInsurance",2021-09-01,2022-08-31,"£35",542
1509,"GB","carInsurance",2021-11-01,2022-10-31,"£45",544
1511,"GB","lifeInsurance",2021-12-01,2022-11-30,"£45",544
1513,"GB","carInsurance",2021-11-01,2022-10-31,"£35",545
1515,"GB","lifeInsurance",2021-09-01,2022-08-31,"£65",545
1516,"GB","homeInsurance",2021-09-01,2022-08-31,"£40",545
1518,"GB","carInsurance",2021-11-01,2022-10-31,"£40",546
1521,"GB","carInsurance",2022-03-01,2023-03-31,"£65",547
1522,"GB","carInsurance",2022-05-01,2023-05-31,"£35",547
1525,"GB","carInsurance",2022-01-01,2022-12-31,"£65",548
1527,"GB","lifeInsurance",2021-12-01,2022-11-30,"£60",548
1528,"GB","homeInsurance",2021-10-01,2022-09-30,"£55",548
1529,"GB","carInsurance",2021-11-01,2022-10-31,"£55",549
1533,"GB","carInsurance",2022-01-01,2022-12-31,"£50",550
1535,"GB","lifeInsurance",2021-09-01,2022-08-31,"£45",550
1536,"GB","homeInsurance",2022-04-01,2023-04-30,"£45",550
1537,"GB","carInsurance",2021-12-01,2022-11-30,"£45",551
1538,"GB","carInsurance",2022-02-01,2023-02-28,"£20",551
1539,"GB","lifeInsurance",2021-12-01,2022-11-30,"£60",551
1540,"GB","homeInsurance",2021-11-01,2022-10-31,"£55",551
1541,"GB","carInsurance",2021-10-01,2022-09-30,"£65",552
1548,"GB","homeInsurance",2021-11-01,2022-10-31,"£55",553
1549,"GB","carInsurance",2021-11-01,2022-10-31,"£45",554
1553,"GB","carInsurance",2022-01-01,2022-12-31,"£65",555
1554,"GB","carInsurance",2022-02-01,2023-02-28,"£45",555
1555,"GB","lifeInsurance",2022-06-01,2023-06-30,"£70",555
1557,"GB","carInsurance",2022-02-01,2023-02-28,"£65",556
1560,"GB","homeInsurance",2022-05-01,2023-05-31,"£30",556
1563,"GB","lifeInsurance",2021-11-01,2022-10-31,"£75",557
1565,"GB","carInsurance",2022-01-01,2022-12-31,"£45",558
1567,"GB","lifeInsurance",2022-01-01,2022-12-31,"£65",558
1572,"GB","homeInsurance",2022-06-01,2023-06-30,"£40",559
1573,"GB","carInsurance",2022-04-01,2023-04-30,"£60",560
1577,"GB","carInsurance",2022-02-01,2023-02-28,"£30",561
1578,"GB","carInsurance",2022-01-01,2023-01-31,"£20",561
1581,"GB","carInsurance",2021-11-01,2022-10-31,"£35",562
1583,"GB","lifeInsurance",2021-09-01,2022-08-31,"£45",562
1587,"GB","lifeInsurance",2022-04-01,2023-04-30,"£45",566
1588,"GB","homeInsurance",2021-10-01,2022-09-30,"£30",566
1592,"GB","homeInsurance",2022-05-01,2023-05-31,"£50",567
1596,"GB","homeInsurance",2022-01-01,2023-01-31,"£35",568
1597,"GB","carInsurance",2022-02-01,2023-02-28,"£55",569
1598,"GB","carInsurance",2022-04-01,2023-04-30,"£40",569
1601,"GB","carInsurance",2022-05-01,2023-05-31,"£35",570
1605,"GB","carInsurance",2021-12-01,2022-11-30,"£30",571
1606,"GB","carInsurance",2022-01-01,2022-12-31,"£25",571
1607,"GB","lifeInsurance",2022-02-01,2023-02-28,"£40",571
1609,"GB","carInsurance",2022-01-01,2023-01-31,"£35",573
1613,"GB","carInsurance",2021-11-01,2022-10-31,"£60",574
1621,"GB","carInsurance",2021-11-01,2022-10-31,"£50",576
1624,"GB","homeInsurance",2022-06-01,2023-06-30,"£30",576
1625,"GB","carInsurance",2021-09-01,2022-08-31,"£60",578
1629,"GB","carInsurance",2021-12-01,2022-11-30,"£60",579
1630,"GB","carInsurance",2021-10-01,2022-09-30,"£40",579
1635,"GB","lifeInsurance",2022-05-01,2023-05-31,"£55",583
1636,"GB","homeInsurance",2022-04-01,2023-04-30,"£55",583
1637,"GB","carInsurance",2021-11-01,2022-10-31,"£50",584
1641,"GB","carInsurance",2021-11-01,2022-10-31,"£35",585
1644,"GB","homeInsurance",2022-02-01,2023-02-28,"£45",585
1647,"GB","lifeInsurance",2022-01-01,2023-01-31,"£70",586
1649,"GB","carInsurance",2022-03-01,2023-03-31,"£30",587
1650,"GB","carInsurance",2022-01-01,2023-01-31,"£35",587
1651,"GB","lifeInsurance",2021-12-01,2022-11-30,"£45",587
1652,"GB","homeInsurance",2022-04-01,2023-04-30,"£30",587
1653,"GB","carInsurance",2022-02-01,2023-02-28,"£35",588
1656,"GB","homeInsurance",2022-03-01,2023-03-31,"£30",588
1657,"GB","carInsurance",2021-10-01,2022-09-30,"£55",589
1660,"GB","homeInsurance",2022-05-01,2023-05-31,"£50",589
1661,"GB","carInsurance",2022-06-01,2023-06-30,"£60",593
1664,"GB","homeInsurance",2022-01-01,2023-01-31,"£30",593
1665,"GB","carInsurance",2022-05-01,2023-05-31,"£55",595
1676,"GB","homeInsurance",2022-06-01,2023-06-30,"£35",598
1677,"GB","carInsurance",2022-03-01,2023-03-31,"£30",599
1678,"GB","carInsurance",2021-09-01,2022-08-31,"£45",599
1681,"GB","carInsurance",2022-01-01,2023-01-31,"£65",600
1682,"GB","carInsurance",2022-06-01,2023-06-30,"£25",600
1684,"GB","homeInsurance",2022-05-01,2023-05-31,"£55",600
1685,"ES","carInsurance",2021-10-01,2022-09-30,"€45",603
1687,"ES","lifeInsurance",2022-01-01,2023-01-31,"€50",603
1688,"ES","homeInsurance",2022-04-01,2023-04-30,"€55",603
1689,"ES","carInsurance",2021-12-01,2022-11-30,"€45",605
1692,"ES","homeInsurance",2021-09-01,2022-08-31,"€50",605
1693,"ES","carInsurance",2022-04-01,2023-04-30,"€65",610
1695,"ES","lifeInsurance",2021-12-01,2022-11-30,"€60",610
1696,"ES","homeInsurance",2021-10-01,2022-09-30,"€50",610
1697,"ES","carInsurance",2022-04-01,2023-04-30,"€50",614
1701,"ES","carInsurance",2022-05-01,2023-05-31,"€65",615
1702,"ES","carInsurance",2022-02-01,2023-02-28,"€35",615
1703,"ES","lifeInsurance",2021-12-01,2022-11-30,"€45",615
1704,"ES","homeInsurance",2021-12-01,2022-11-30,"€40",615
1705,"ES","carInsurance",2022-04-01,2023-04-30,"€30",619
1708,"ES","homeInsurance",2021-10-01,2022-09-30,"€40",619
1709,"ES","carInsurance",2022-01-01,2022-12-31,"€65",623
1710,"ES","carInsurance",2022-05-01,2023-05-31,"€30",623
1713,"ES","carInsurance",2022-02-01,2023-02-28,"€50",624
1715,"ES","lifeInsurance",2022-04-01,2023-04-30,"€55",624
1717,"ES","carInsurance",2022-02-01,2023-02-28,"€55",626
1720,"ES","homeInsurance",2022-01-01,2023-01-31,"€55",626
1721,"ES","carInsurance",2022-04-01,2023-04-30,"€30",627
1723,"ES","lifeInsurance",2021-10-01,2022-09-30,"€75",627
1724,"ES","homeInsurance",2022-02-01,2023-02-28,"€55",627
1725,"ES","carInsurance",2022-01-01,2022-12-31,"€50",634
1728,"ES","homeInsurance",2021-09-01,2022-08-31,"€45",634
1731,"ES","lifeInsurance",2022-01-01,2022-12-31,"€50",642
1732,"ES","homeInsurance",2022-05-01,2023-05-31,"€50",642
1733,"ES","carInsurance",2022-04-01,2023-04-30,"€65",645
1735,"ES","lifeInsurance",2021-11-01,2022-10-31,"€45",645
1736,"ES","homeInsurance",2022-06-01,2023-06-30,"€45",645
1738,"ES","carInsurance",2022-04-01,2023-04-30,"€20",646
1739,"ES","lifeInsurance",2022-01-01,2023-01-31,"€65",646
1740,"ES","homeInsurance",2022-06-01,2023-06-30,"€55",646
1741,"ES","carInsurance",2021-09-01,2022-08-31,"€30",647
1744,"ES","homeInsurance",2022-04-01,2023-04-30,"€30",647
1745,"ES","carInsurance",2021-11-01,2022-10-31,"€40",648
1746,"ES","carInsurance",2022-04-01,2023-04-30,"€45",648
1748,"ES","homeInsurance",2021-10-01,2022-09-30,"€40",648
1749,"ES","carInsurance",2021-12-01,2022-11-30,"€45",650
1750,"ES","carInsurance",2021-12-01,2022-11-30,"€20",650
1752,"ES","homeInsurance",2022-01-01,2023-01-31,"€55",650
1754,"ES","carInsurance",2021-10-01,2022-09-30,"€20",651
1755,"ES","lifeInsurance",2022-01-01,2022-12-31,"€40",651
1757,"ES","carInsurance",2021-11-01,2022-10-31,"€65",654
1760,"ES","homeInsurance",2022-03-01,2023-03-31,"€40",654
1761,"ES","carInsurance",2021-09-01,2022-08-31,"€60",658
1762,"ES","carInsurance",2021-12-01,2022-11-30,"€20",658
1764,"ES","homeInsurance",2021-09-01,2022-08-31,"€45",658
1765,"ES","carInsurance",2021-10-01,2022-09-30,"€45",661
1768,"ES","homeInsurance",2021-09-01,2022-08-31,"€55",661
1769,"ES","carInsurance",2022-01-01,2023-01-31,"€35",667
1770,"ES","carInsurance",2021-11-01,2022-10-31,"€35",667
1772,"ES","homeInsurance",2021-11-01,2022-10-31,"€40",667
1773,"ES","carInsurance",2022-05-01,2023-05-31,"€30",668
1775,"ES","lifeInsurance",2021-11-01,2022-10-31,"€65",668
1778,"ES","carInsurance",2022-02-01,2023-02-28,"€20",671
1780,"ES","homeInsurance",2022-02-01,2023-02-28,"€35",671
1781,"ES","carInsurance",2022-04-01,2023-04-30,"€65",672
1783,"ES","lifeInsurance",2022-05-01,2023-05-31,"€75",672
1784,"ES","homeInsurance",2021-12-01,2022-11-30,"€45",672
1785,"ES","carInsurance",2021-12-01,2022-11-30,"€45",674
1787,"ES","lifeInsurance",2022-02-01,2023-02-28,"€45",674
1789,"ES","carInsurance",2021-11-01,2022-10-31,"€40",677
1792,"ES","homeInsurance",2022-06-01,2023-06-30,"€40",677
1796,"ES","homeInsurance",2022-01-01,2022-12-31,"€45",679
1799,"ES","lifeInsurance",2022-04-01,2023-04-30,"€55",680
1800,"ES","homeInsurance",2022-06-01,2023-06-30,"€45",680
1801,"ES","carInsurance",2022-06-01,2023-06-30,"€45",681
1802,"ES","carInsurance",2022-05-01,2023-05-31,"€30",681
1804,"ES","homeInsurance",2021-12-01,2022-11-30,"€40",681
1807,"ES","lifeInsurance",2022-01-01,2023-01-31,"€45",685
1808,"ES","homeInsurance",2022-05-01,2023-05-31,"€45",685
1809,"ES","carInsurance",2021-09-01,2022-08-31,"€30",686
1810,"ES","carInsurance",2021-10-01,2022-09-30,"€45",686
1812,"ES","homeInsurance",2022-03-01,2023-03-31,"€30",686
1817,"ES","carInsurance",2022-03-01,2023-03-31,"€55",688
1820,"ES","homeInsurance",2021-12-01,2022-11-30,"€45",688
1822,"ES","carInsurance",2021-11-01,2022-10-31,"€20",692
1824,"ES","homeInsurance",2022-01-01,2022-12-31,"€40",692
1825,"ES","carInsurance",2022-03-01,2023-03-31,"€55",694
1829,"ES","carInsurance",2022-01-01,2023-01-31,"€45",695
1832,"ES","homeInsurance",2022-01-01,2022-12-31,"€40",695
1833,"ES","carInsurance",2022-02-01,2023-02-28,"€55",696
1837,"ES","carInsurance",2022-04-01,2023-04-30,"€40",697
1838,"ES","carInsurance",2022-01-01,2022-12-31,"€40",697
1839,"ES","lifeInsurance",2021-11-01,2022-10-31,"€45",697
1840,"ES","homeInsurance",2022-02-01,2023-02-28,"€35",697
1841,"ES","carInsurance",2021-09-01,2022-08-31,"€35",702
1842,"ES","carInsurance",2022-05-01,2023-05-31,"€20",702
1844,"ES","homeInsurance",2022-04-01,2023-04-30,"€40",702
1849,"ES","carInsurance",2022-06-01,2023-06-30,"€45",712
1850,"ES","carInsurance",2022-02-01,2023-02-28,"€25",712
1852,"ES","homeInsurance",2021-09-01,2022-08-31,"€40",712
1853,"ES","carInsurance",2021-11-01,2022-10-31,"€65",717
1855,"ES","lifeInsurance",2021-10-01,2022-09-30,"€65",717
1859,"ES","lifeInsurance",2022-01-01,2023-01-31,"€55",718
1863,"ES","lifeInsurance",2022-06-01,2023-06-30,"€40",721
1864,"ES","homeInsurance",2021-10-01,2022-09-30,"€40",721
1865,"ES","carInsurance",2022-05-01,2023-05-31,"€30",724
1866,"ES","carInsurance",2021-11-01,2022-10-31,"€20",724
1868,"ES","homeInsurance",2021-11-01,2022-10-31,"€55",724
1871,"ES","lifeInsurance",2021-12-01,2022-11-30,"€40",725
1873,"ES","carInsurance",2022-02-01,2023-02-28,"€45",727
1875,"ES","lifeInsurance",2022-04-01,2023-04-30,"€65",727
1881,"ES","carInsurance",2022-01-01,2023-01-31,"€40",734
1885,"ES","carInsurance",2021-11-01,2022-10-31,"€55",737
1887,"ES","lifeInsurance",2022-01-01,2023-01-31,"€60",737
1888,"ES","homeInsurance",2022-04-01,2023-04-30,"€30",737
1889,"ES","carInsurance",2022-04-01,2023-04-30,"€30",739
1892,"ES","homeInsurance",2022-06-01,2023-06-30,"€55",739
1893,"ES","carInsurance",2021-09-01,2022-08-31,"€45",740
1895,"ES","lifeInsurance",2021-11-01,2022-10-31,"€40",740
1896,"ES","homeInsurance",2022-04-01,2023-04-30,"€35",740
1897,"ES","carInsurance",2021-11-01,2022-10-31,"€40",741
1899,"ES","lifeInsurance",2021-12-01,2022-11-30,"€55",741
1900,"ES","homeInsurance",2022-01-01,2023-01-31,"€50",741
1901,"ES","carInsurance",2022-01-01,2023-01-31,"€30",744
1902,"ES","carInsurance",2021-10-01,2022-09-30,"€30",744
1905,"ES","carInsurance",2022-01-01,2023-01-31,"€30",745
1909,"ES","carInsurance",2022-05-01,2023-05-31,"€65",748
1912,"ES","homeInsurance",2021-10-01,2022-09-30,"€40",748
1913,"ES","carInsurance",2021-11-01,2022-10-31,"€45",749
1915,"ES","lifeInsurance",2022-01-01,2023-01-31,"€55",749
1917,"ES","carInsurance",2021-10-01,2022-09-30,"€40",755
1918,"ES","carInsurance",2022-03-01,2023-03-31,"€20",755
1921,"ES","carInsurance",2021-09-01,2022-08-31,"€35",756
1925,"ES","carInsurance",2022-04-01,2023-04-30,"€65",757
1929,"ES","carInsurance",2021-12-01,2022-11-30,"€60",761
1931,"ES","lifeInsurance",2022-06-01,2023-06-30,"€75",761
1933,"ES","carInsurance",2021-12-01,2022-11-30,"€45",763
1937,"ES","carInsurance",2022-03-01,2023-03-31,"€30",765
1940,"ES","homeInsurance",2021-11-01,2022-10-31,"€40",765
1941,"ES","carInsurance",2021-09-01,2022-08-31,"€35",769
1942,"ES","carInsurance",2022-04-01,2023-04-30,"€20",769
1944,"ES","homeInsurance",2021-09-01,2022-08-31,"€55",769
1945,"ES","carInsurance",2022-04-01,2023-04-30,"€50",772
1947,"ES","lifeInsurance",2022-06-01,2023-06-30,"€50",772
1949,"ES","carInsurance",2022-04-01,2023-04-30,"€60",773
1953,"ES","carInsurance",2022-05-01,2023-05-31,"€30",774
1956,"ES","homeInsurance",2021-12-01,2022-11-30,"€55",774
1957,"ES","carInsurance",2022-03-01,2023-03-31,"€60",775
1960,"ES","homeInsurance",2021-12-01,2022-11-30,"€40",775
1961,"ES","carInsurance",2022-02-01,2023-02-28,"€30",778
1965,"ES","carInsurance",2022-05-01,2023-05-31,"€55",780
1967,"ES","lifeInsurance",2022-01-01,2022-12-31,"€65",780
1969,"ES","carInsurance",2022-01-01,2023-01-31,"€65",783
1972,"ES","homeInsurance",2021-12-01,2022-11-30,"€55",783
1973,"ES","carInsurance",2022-02-01,2023-02-28,"€35",784
1976,"ES","homeInsurance",2022-03-01,2023-03-31,"€30",784
1977,"ES","carInsurance",2022-01-01,2023-01-31,"€50",786
1981,"ES","carInsurance",2021-09-01,2022-08-31,"€35",790
1982,"ES","carInsurance",2021-09-01,2022-08-31,"€35",790
1984,"ES","homeInsurance",2022-03-01,2023-03-31,"€30",790
1989,"ES","carInsurance",2021-10-01,2022-09-30,"€35",793
1991,"ES","lifeInsurance",2021-11-01,2022-10-31,"€50",793
1993,"ES","carInsurance",2022-03-01,2023-03-31,"€30",795
1995,"ES","lifeInsurance",2021-10-01,2022-09-30,"€40",795
1997,"ES","carInsurance",2022-05-01,2023-05-31,"€30",799
2000,"ES","homeInsurance",2022-05-01,2023-05-31,"€40",799
2002,"IT","carInsurance",2022-03-01,2023-03-31,"€25",803
2003,"IT","lifeInsurance",2021-09-01,2022-08-31,"€75",803
2004,"IT","homeInsurance",2022-05-01,2023-05-31,"€50",803
2005,"IT","carInsurance",2022-05-01,2023-05-31,"€35",805
2007,"IT","lifeInsurance",2021-10-01,2022-09-30,"€70",805
2009,"IT","carInsurance",2022-01-01,2022-12-31,"€35",807
2011,"IT","lifeInsurance",2022-02-01,2023-02-28,"€60",807
2013,"IT","carInsurance",2022-02-01,2023-02-28,"€30",812
2014,"IT","carInsurance",2021-09-01,2022-08-31,"€35",812
2015,"IT","lifeInsurance",2022-05-01,2023-05-31,"€45",812
2016,"IT","homeInsurance",2021-09-01,2022-08-31,"€45",812
2020,"IT","homeInsurance",2022-05-01,2023-05-31,"€30",814
2021,"IT","carInsurance",2022-01-01,2023-01-31,"€35",816
2022,"IT","carInsurance",2021-09-01,2022-08-31,"€40",816
2023,"IT","lifeInsurance",2021-11-01,2022-10-31,"€70",816
2025,"IT","carInsurance",2022-03-01,2023-03-31,"€30",817
2029,"IT","carInsurance",2021-09-01,2022-08-31,"€65",818
2031,"IT","lifeInsurance",2022-03-01,2023-03-31,"€50",818
2032,"IT","homeInsurance",2021-09-01,2022-08-31,"€50",818
2033,"IT","carInsurance",2022-01-01,2023-01-31,"€55",820
2034,"IT","carInsurance",2021-09-01,2022-08-31,"€40",820
2035,"IT","lifeInsurance",2022-03-01,2023-03-31,"€40",820
2036,"IT","homeInsurance",2022-06-01,2023-06-30,"€50",820
2037,"IT","carInsurance",2022-01-01,2023-01-31,"€30",822
2040,"IT","homeInsurance",2021-11-01,2022-10-31,"€45",822
2041,"IT","carInsurance",2021-12-01,2022-11-30,"€30",824
2045,"IT","carInsurance",2021-10-01,2022-09-30,"€60",825
2046,"IT","carInsurance",2022-05-01,2023-05-31,"€40",825
2049,"IT","carInsurance",2021-11-01,2022-10-31,"€35",826
2053,"IT","carInsurance",2022-05-01,2023-05-31,"€65",827
2057,"IT","carInsurance",2022-05-01,2023-05-31,"€35",828
2059,"IT","lifeInsurance",2022-02-01,2023-02-28,"€55",828
2060,"IT","homeInsurance",2022-05-01,2023-05-31,"€35",828
2061,"IT","carInsurance",2022-06-01,2023-06-30,"€65",829
2063,"IT","lifeInsurance",2022-05-01,2023-05-31,"€65",829
2064,"IT","homeInsurance",2022-02-01,2023-02-28,"€40",829
2065,"IT","carInsurance",2021-10-01,2022-09-30,"€65",831
2067,"IT","lifeInsurance",2022-01-01,2023-01-31,"€45",831
2068,"IT","homeInsurance",2021-11-01,2022-10-31,"€45",831
2069,"IT","carInsurance",2022-03-01,2023-03-31,"€35",833
2071,"IT","lifeInsurance",2021-12-01,2022-11-30,"€55",833
2072,"IT","homeInsurance",2021-12-01,2022-11-30,"€35",833
2073,"IT","carInsurance",2022-01-01,2023-01-31,"€65",834
2076,"IT","homeInsurance",2022-04-01,2023-04-30,"€40",834
2080,"IT","homeInsurance",2022-02-01,2023-02-28,"€55",835
2081,"IT","carInsurance",2022-02-01,2023-02-28,"€50",839
2084,"IT","homeInsurance",2021-09-01,2022-08-31,"€30",839
2085,"IT","carInsurance",2022-02-01,2023-02-28,"€45",840
2086,"IT","carInsurance",2021-09-01,2022-08-31,"€45",840
2087,"IT","lifeInsurance",2022-02-01,2023-02-28,"€70",840
2088,"IT","homeInsurance",2021-10-01,2022-09-30,"€35",840
2089,"IT","carInsurance",2021-09-01,2022-08-31,"€45",842
2091,"IT","lifeInsurance",2021-12-01,2022-11-30,"€75",842
2093,"IT","carInsurance",2021-11-01,2022-10-31,"€60",843
2094,"IT","carInsurance",2021-10-01,2022-09-30,"€30",843
2097,"IT","carInsurance",2022-05-01,2023-05-31,"€65",845
2100,"IT","homeInsurance",2021-10-01,2022-09-30,"€45",845
2101,"IT","carInsurance",2021-09-01,2022-08-31,"€40",846
2104,"IT","homeInsurance",2022-02-01,2023-02-28,"€45",846
2109,"IT","carInsurance",2022-04-01,2023-04-30,"€30",850
2112,"IT","homeInsurance",2021-12-01,2022-11-30,"€35",850
2113,"IT","carInsurance",2022-05-01,2023-05-31,"€60",852
2114,"IT","carInsurance",2022-05-01,2023-05-31,"€30",852
2115,"IT","lifeInsurance",2021-09-01,2022-08-31,"€40",852
2116,"IT","homeInsurance",2022-04-01,2023-04-30,"€35",852
2117,"IT","carInsurance",2022-03-01,2023-03-31,"€45",854
2118,"IT","carInsurance",2021-09-01,2022-08-31,"€40",854
2121,"IT","carInsurance",2022-06-01,2023-06-30,"€60",856
2125,"IT","carInsurance",2022-01-01,2022-12-31,"€40",857
2126,"IT","carInsurance",2021-09-01,2022-08-31,"€35",857
2128,"IT","homeInsurance",2022-01-01,2023-01-31,"€30",857
2129,"IT","carInsurance",2021-11-01,2022-10-31,"€45",858
2130,"IT","carInsurance",2022-04-01,2023-04-30,"€40",858
2136,"IT","homeInsurance",2021-09-01,2022-08-31,"€30",859
2137,"IT","carInsurance",2021-10-01,2022-09-30,"€50",860
2140,"IT","homeInsurance",2021-09-01,2022-08-31,"€50",860
2141,"IT","carInsurance",2022-01-01,2022-12-31,"€40",862
2144,"IT","homeInsurance",2022-06-01,2023-06-30,"€45",862
2145,"IT","carInsurance",2022-02-01,2023-02-28,"€30",864
2146,"IT","carInsurance",2022-05-01,2023-05-31,"€40",864
2150,"IT","carInsurance",2021-12-01,2022-11-30,"€25",865
2153,"IT","carInsurance",2022-02-01,2023-02-28,"€55",866
2157,"IT","carInsurance",2022-01-01,2022-12-31,"€65",867
2161,"IT","carInsurance",2021-11-01,2022-10-31,"€60",868
2162,"IT","carInsurance",2022-01-01,2022-12-31,"€40",868
2167,"IT","lifeInsurance",2022-04-01,2023-04-30,"€50",869
2169,"IT","carInsurance",2021-11-01,2022-10-31,"€30",870
2171,"IT","lifeInsurance",2022-02-01,2023-02-28,"€70",870
2176,"IT","homeInsurance",2021-11-01,2022-10-31,"€30",871
2178,"IT","carInsurance",2021-11-01,2022-10-31,"€25",872
2179,"IT","lifeInsurance",2022-01-01,2022-12-31,"€75",872
2184,"IT","homeInsurance",2022-01-01,2022-12-31,"€45",873
2185,"IT","carInsurance",2021-09-01,2022-08-31,"€50",875
2188,"IT","homeInsurance",2021-11-01,2022-10-31,"€55",875
2189,"IT","carInsurance",2022-04-01,2023-04-30,"€55",876
2192,"IT","homeInsurance",2022-01-01,2023-01-31,"€30",876
2193,"IT","carInsurance",2022-04-01,2023-04-30,"€65",877
2196,"IT","homeInsurance",2022-05-01,2023-05-31,"€40",877
2197,"IT","carInsurance",2022-01-01,2022-12-31,"€65",878
2200,"IT","homeInsurance",2021-11-01,2022-10-31,"€40",878
2201,"IT","carInsurance",2022-05-01,2023-05-31,"€55",880
2203,"IT","lifeInsurance",2021-12-01,2022-11-30,"€50",880
2207,"IT","lifeInsurance",2022-06-01,2023-06-30,"€45",881
2208,"IT","homeInsurance",2022-01-01,2023-01-31,"€50",881
2209,"IT","carInsurance",2021-11-01,2022-10-31,"€55",882
2211,"IT","lifeInsurance",2022-02-01,2023-02-28,"€55",882
2212,"IT","homeInsurance",2022-02-01,2023-02-28,"€35",882
2213,"IT","carInsurance",2022-03-01,2023-03-31,"€30",883
2214,"IT","carInsurance",2022-01-01,2022-12-31,"€25",883
2216,"IT","homeInsurance",2021-10-01,2022-09-30,"€40",883
2217,"IT","carInsurance",2021-09-01,2022-08-31,"€60",887
2218,"IT","carInsurance",2021-09-01,2022-08-31,"€20",887
2224,"IT","homeInsurance",2022-01-01,2022-12-31,"€55",888
2225,"IT","carInsurance",2021-11-01,2022-10-31,"€30",889
2227,"IT","lifeInsurance",2021-12-01,2022-11-30,"€70",889
2229,"IT","carInsurance",2021-12-01,2022-11-30,"€45",890
2230,"IT","carInsurance",2022-02-01,2023-02-28,"€35",890
2231,"IT","lifeInsurance",2022-06-01,2023-06-30,"€70",890
2232,"IT","homeInsurance",2022-03-01,2023-03-31,"€50",890
2233,"IT","carInsurance",2022-03-01,2023-03-31,"€50",893
2235,"IT","lifeInsurance",2022-01-01,2022-12-31,"€65",893
2236,"IT","homeInsurance",2022-05-01,2023-05-31,"€45",893
2237,"IT","carInsurance",2022-03-01,2023-03-31,"€55",895
2239,"IT","lifeInsurance",2021-09-01,2022-08-31,"€45",895
2241,"IT","carInsurance",2022-05-01,2023-05-31,"€35",896
2242,"IT","carInsurance",2021-10-01,2022-09-30,"€25",896
2244,"IT","homeInsurance",2022-06-01,2023-06-30,"€45",896
2247,"IT","lifeInsurance",2021-12-01,2022-11-30,"€60",897
2249,"IT","carInsurance",2022-01-01,2023-01-31,"€65",902
2253,"IT","carInsurance",2022-02-01,2023-02-28,"€45",903
2254,"IT","carInsurance",2021-12-01,2022-11-30,"€30",903
2256,"IT","homeInsurance",2022-01-01,2022-12-31,"€40",903
2257,"IT","carInsurance",2022-05-01,2023-05-31,"€45",904
2259,"IT","lifeInsurance",2021-11-01,2022-10-31,"€40",904
2261,"IT","carInsurance",2022-06-01,2023-06-30,"€35",905
2262,"IT","carInsurance",2021-09-01,2022-08-31,"€45",905
2264,"IT","homeInsurance",2022-02-01,2023-02-28,"€55",905
2265,"IT","carInsurance",2022-04-01,2023-04-30,"€45",906
2268,"IT","homeInsurance",2022-06-01,2023-06-30,"€50",906
2269,"IT","carInsurance",2021-12-01,2022-11-30,"€65",907
2272,"IT","homeInsurance",2022-04-01,2023-04-30,"€50",907
2273,"IT","carInsurance",2022-05-01,2023-05-31,"€60",909
2276,"IT","homeInsurance",2021-12-01,2022-11-30,"€45",909
2277,"IT","carInsurance",2021-12-01,2022-11-30,"€50",912
2280,"IT","homeInsurance",2022-04-01,2023-04-30,"€40",912
2281,"IT","carInsurance",2022-03-01,2023-03-31,"€45",913
2283,"IT","lifeInsurance",2022-04-01,2023-04-30,"€45",913
2285,"IT","carInsurance",2022-03-01,2023-03-31,"€45",916
2286,"IT","carInsurance",2022-03-01,2023-03-31,"€30",916
2288,"IT","homeInsurance",2022-01-01,2023-01-31,"€30",916
2289,"IT","carInsurance",2021-09-01,2022-08-31,"€40",919
2290,"IT","carInsurance",2021-11-01,2022-10-31,"€45",919
2291,"IT","lifeInsurance",2022-01-01,2023-01-31,"€65",919
2293,"IT","carInsurance",2022-06-01,2023-06-30,"€45",920
2295,"IT","lifeInsurance",2021-09-01,2022-08-31,"€55",920
2296,"IT","homeInsurance",2022-06-01,2023-06-30,"€45",920
2297,"IT","carInsurance",2021-10-01,2022-09-30,"€65",921
2298,"IT","carInsurance",2022-04-01,2023-04-30,"€40",921
2304,"IT","homeInsurance",2021-12-01,2022-11-30,"€40",922
2305,"IT","carInsurance",2022-05-01,2023-05-31,"€55",923
2307,"IT","lifeInsurance",2022-04-01,2023-04-30,"€60",923
2309,"IT","carInsurance",2022-04-01,2023-04-30,"€60",924
2312,"IT","homeInsurance",2022-04-01,2023-04-30,"€40",924
2313,"IT","carInsurance",2022-06-01,2023-06-30,"€45",927
2315,"IT","lifeInsurance",2022-01-01,2023-01-31,"€70",927
2316,"IT","homeInsurance",2022-01-01,2023-01-31,"€50",927
2317,"IT","carInsurance",2022-04-01,2023-04-30,"€60",929
2321,"IT","carInsurance",2021-11-01,2022-10-31,"€65",930
2324,"IT","homeInsurance",2021-10-01,2022-09-30,"€50",930
2325,"IT","carInsurance",2021-12-01,2022-11-30,"€50",931
2327,"IT","lifeInsurance",2022-05-01,2023-05-31,"€70",931
2329,"IT","carInsurance",2022-04-01,2023-04-30,"€40",932
2332,"IT","homeInsurance",2021-09-01,2022-08-31,"€30",932
2333,"IT","carInsurance",2022-04-01,2023-04-30,"€50",935
2334,"IT","carInsurance",2021-12-01,2022-11-30,"€25",935
2336,"IT","homeInsurance",2022-02-01,2023-02-28,"€55",935
2337,"IT","carInsurance",2022-01-01,2022-12-31,"€35",936
2338,"IT","carInsurance",2022-03-01,2023-03-31,"€20",936
2340,"IT","homeInsurance",2022-05-01,2023-05-31,"€30",936
2341,"IT","carInsurance",2022-03-01,2023-03-31,"€35",938
2342,"IT","carInsurance",2021-09-01,2022-08-31,"€30",938
2343,"IT","lifeInsurance",2021-09-01,2022-08-31,"€65",938
2344,"IT","homeInsurance",2022-04-01,2023-04-30,"€55",938
2349,"IT","carInsurance",2022-06-01,2023-06-30,"€40",942
2351,"IT","lifeInsurance",2021-09-01,2022-08-31,"€70",942
2352,"IT","homeInsurance",2022-05-01,2023-05-31,"€45",942
2353,"IT","carInsurance",2022-05-01,2023-05-31,"€60",943
2356,"IT","homeInsurance",2022-02-01,2023-02-28,"€30",943
2357,"IT","carInsurance",2022-05-01,2023-05-31,"€45",945
2360,"IT","homeInsurance",2021-12-01,2022-11-30,"€40",945
2361,"IT","carInsurance",2022-01-01,2023-01-31,"€55",946
2371,"IT","lifeInsurance",2021-10-01,2022-09-30,"€55",956
2373,"IT","carInsurance",2022-06-01,2023-06-30,"€30",958
2374,"IT","carInsurance",2022-02-01,2023-02-28,"€40",958
2376,"IT","homeInsurance",2022-02-01,2023-02-28,"€30",958
2377,"IT","carInsurance",2021-09-01,2022-08-31,"€40",961
2380,"IT","homeInsurance",2022-01-01,2022-12-31,"€55",961
2381,"IT","carInsurance",2022-03-01,2023-03-31,"€60",962
2384,"IT","homeInsurance",2022-05-01,2023-05-31,"€50",962
2385,"IT","carInsurance",2021-11-01,2022-10-31,"€65",965
2387,"IT","lifeInsurance",2022-05-01,2023-05-31,"€55",965
2388,"IT","homeInsurance",2021-12-01,2022-11-30,"€40",965
2393,"IT","carInsurance",2022-04-01,2023-04-30,"€30",970
2398,"IT","carInsurance",2021-09-01,2022-08-31,"€30",971
2400,"IT","homeInsurance",2022-06-01,2023-06-30,"€35",971
2403,"IT","lifeInsurance",2022-01-01,2023-01-31,"€45",973
2404,"IT","homeInsurance",2022-04-01,2023-04-30,"€40",973
2405,"IT","carInsurance",2021-09-01,2022-08-31,"€40",976
2408,"IT","homeInsurance",2021-11-01,2022-10-31,"€40",976
2413,"IT","carInsurance",2022-06-01,2023-06-30,"€60",978
2416,"IT","homeInsurance",2022-01-01,2023-01-31,"€30",978
2417,"IT","carInsurance",2021-11-01,2022-10-31,"€55",980
2419,"IT","lifeInsurance",2022-03-01,2023-03-31,"€70",980
2420,"IT","homeInsurance",2022-03-01,2023-03-31,"€35",980
2424,"IT","homeInsurance",2022-03-01,2023-03-31,"€40",982
2425,"IT","carInsurance",2022-01-01,2022-12-31,"€65",983
2428,"IT","homeInsurance",2022-05-01,2023-05-31,"€55",983
2429,"IT","carInsurance",2022-03-01,2023-03-31,"€45",984
2430,"IT","carInsurance",2022-01-01,2022-12-31,"€40",984
2431,"IT","lifeInsurance",2021-10-01,2022-09-30,"€65",984
2432,"IT","homeInsurance",2022-03-01,2023-03-31,"€55",984
2433,"IT","carInsurance",2021-12-01,2022-11-30,"€40",985
2436,"IT","homeInsurance",2021-12-01,2022-11-30,"€30",985
2438,"IT","carInsurance",2022-05-01,2023-05-31,"€40",986
2439,"IT","lifeInsurance",2021-09-01,2022-08-31,"€60",986
2440,"IT","homeInsurance",2022-01-01,2022-12-31,"€50",986
2441,"IT","carInsurance",2021-11-01,2022-10-31,"€35",987
2444,"IT","homeInsurance",2022-04-01,2023-04-30,"€55",987
2445,"IT","carInsurance",2022-01-01,2023-01-31,"€55",993
2448,"IT","homeInsurance",2021-09-01,2022-08-31,"€55",993
2449,"IT","carInsurance",2021-12-01,2022-11-30,"€50",996
2450,"IT","carInsurance",2022-01-01,2022-12-31,"€30",996
2451,"IT","lifeInsurance",2022-02-01,2023-02-28,"€65",996
2452,"IT","homeInsurance",2022-05-01,2023-05-31,"€50",996
2453,"IT","carInsurance",2022-01-01,2023-01-31,"€65",997
2456,"IT","homeInsurance",2021-10-01,2022-09-30,"€40",997
2457,"IT","carInsurance",2021-09-01,2022-08-31,"€55",999
2458,"IT","carInsurance",2022-01-01,2022-12-31,"€30",999
2460,"IT","homeInsurance",2022-01-01,2023-01-31,"€45",999
2461,"IT","carInsurance",2021-09-01,2022-08-31,"€30",1000
2462,"IT","carInsurance",2022-03-01,2023-03-31,"€35",1000
